bottleneck_id,cpu_name,gpu_name,balance,wqhd,4k,g5me_5ppropri5te,game_delivery,video_editing,encode,created_at,updated_at
,Core i9 11900K,RTX 3090,4,4,4,0,4,4,4,,
,Core i9 11900,RTX 3090,4,4,4,0,4,4,4,,
,Core i9 10900K,RTX 3090,4,4,4,0,4,4,4,,
,Core i9 10900,RTX 3090,3,4,4,0,4,4,3,,
,Core i7 11700K,RTX 3090,3,4,4,0,4,4,3,,
,Core i7 11700,RTX 3090,2,4,4,0,4,4,3,,
,Core i7 10700K,RTX 3090,3,4,4,0,4,4,3,,
,Core i7 10700,RTX 3090,2,4,4,0,4,4,3,,
,Core i5 11400,RTX 3090,1,4,3,0,3,4,2,,
,Core i5 10400,RTX 3090,1,4,2,0,2,2,4,,
,Ryzen 9 5900X,RTX 3090,4,4,4,0,4,4,4,,
,Ryzen 9 5950X,RTX 3090,4,4,4,0,4,4,4,,
,Ryzen 7 5800X,RTX 3090,4,4,4,0,4,4,4,,
,Ryzen 7 3700X,RTX 3090,2,4,4,0,4,4,4,,
,Ryzen 5 5600X,RTX 3090,2,4,4,0,4,4,4,,
,Ryzen 5 3600,RTX 3090,1,4,3,0,4,4,3,,
,Ryzen 5 3500X,RTX 3090,1,4,2,0,3,3,2,,
,Ryzen 5 3500,RTX 3090,1,4,2,0,2,3,2,,
,Core i9 11900K,RX 6900 XT,4,4,4,0,4,4,4,,
,Core i9 11900,RX 6900 XT,4,4,4,0,4,4,4,,
,Core i9 10900K,RX 6900 XT,4,4,4,0,4,4,4,,
,Core i9 10900,RX 6900 XT,3,4,4,0,4,4,3,,
,Core i7 11700K,RX 6900 XT,3,4,4,0,4,4,3,,
,Core i7 11700,RX 6900 XT,2,4,4,0,4,4,3,,
,Core i7 10700K,RX 6900 XT,3,4,4,0,4,4,3,,
,Core i7 10700,RX 6900 XT,2,4,4,0,4,4,3,,
,Core i5 11400,RX 6900 XT,1,4,3,0,3,4,2,,
,Core i5 10400,RX 6900 XT,1,4,2,0,2,2,4,,
,Ryzen 9 5900X,RX 6900 XT,4,4,4,0,4,4,4,,
,Ryzen 9 5950X,RX 6900 XT,4,4,4,0,4,4,4,,
,Ryzen 7 5800X,RX 6900 XT,4,4,4,0,4,4,4,,
,Ryzen 7 3700X,RX 6900 XT,2,4,4,0,4,4,4,,
,Ryzen 5 5600X,RX 6900 XT,2,4,4,0,4,4,4,,
,Ryzen 5 3600,RX 6900 XT,1,4,3,0,4,4,3,,
,Ryzen 5 3500X,RX 6900 XT,1,4,2,0,3,3,2,,
,Ryzen 5 3500,RX 6900 XT,1,4,2,0,2,3,2,,
,Core i9 11900K,RTX 3080,4,4,4,0,4,4,4,,
,Core i9 11900,RTX 3080,4,4,4,0,4,4,4,,
,Core i9 10900K,RTX 3080,4,4,4,0,4,4,4,,
,Core i9 10900,RTX 3080,3,4,4,0,4,4,3,,
,Core i7 11700K,RTX 3080,3,4,4,0,4,4,3,,
,Core i7 11700,RTX 3080,2,4,4,0,4,4,3,,
,Core i7 10700K,RTX 3080,3,4,4,0,4,4,3,,
,Core i7 10700,RTX 3080,2,4,4,0,4,4,3,,
,Core i5 11400,RTX 3080,2,4,3,0,3,4,2,,
,Core i5 10400,RTX 3080,1,4,2,0,2,2,4,,
,Ryzen 9 5900X,RTX 3080,4,4,4,0,4,4,4,,
,Ryzen 9 5950X,RTX 3080,4,4,4,0,4,4,4,,
,Ryzen 7 5800X,RTX 3080,4,4,4,0,4,4,4,,
,Ryzen 7 3700X,RTX 3080,3,4,4,0,4,4,4,,
,Ryzen 5 5600X,RTX 3080,3,4,4,0,4,4,4,,
,Ryzen 5 3600,RTX 3080,3,4,3,0,4,4,3,,
,Ryzen 5 3500X,RTX 3080,1,4,2,0,3,3,2,,
,Ryzen 5 3500,RTX 3080,1,4,2,0,2,3,2,,
,Core i9 11900K,RX 6800 XT,4,4,4,0,4,4,4,,
,Core i9 11900,RX 6800 XT,4,4,4,0,4,4,4,,
,Core i9 10900K,RX 6800 XT,4,4,4,0,4,4,4,,
,Core i9 10900,RX 6800 XT,3,4,4,0,4,4,3,,
,Core i7 11700K,RX 6800 XT,3,4,4,0,4,4,3,,
,Core i7 11700,RX 6800 XT,2,4,4,0,4,4,3,,
,Core i7 10700K,RX 6800 XT,3,4,4,0,4,4,3,,
,Core i7 10700,RX 6800 XT,2,4,4,0,4,4,3,,
,Core i5 11400,RX 6800 XT,2,4,3,0,3,4,2,,
,Core i5 10400,RX 6800 XT,1,4,2,0,2,2,4,,
,Ryzen 9 5900X,RX 6800 XT,4,4,4,0,4,4,4,,
,Ryzen 9 5950X,RX 6800 XT,4,4,4,0,4,4,4,,
,Ryzen 7 5800X,RX 6800 XT,4,4,4,0,4,4,4,,
,Ryzen 7 3700X,RX 6800 XT,3,4,4,0,4,4,4,,
,Ryzen 5 5600X,RX 6800 XT,3,4,4,0,4,4,4,,
,Ryzen 5 3600,RX 6800 XT,3,4,3,0,4,4,3,,
,Ryzen 5 3500X,RX 6800 XT,1,4,2,0,3,3,2,,
,Ryzen 5 3500,RX 6800 XT,1,4,2,0,2,3,2,,
,Core i9 11900K,RTX 3070,3,4,4,0,4,4,4,,
,Core i9 11900,RTX 3070,4,4,4,0,4,4,4,,
,Core i9 10900K,RTX 3070,4,4,4,0,4,4,4,,
,Core i9 10900,RTX 3070,4,4,4,0,4,4,3,,
,Core i7 11700K,RTX 3070,4,4,4,0,4,4,3,,
,Core i7 11700,RTX 3070,3,4,4,0,4,4,3,,
,Core i7 10700K,RTX 3070,4,4,4,0,4,4,3,,
,Core i7 10700,RTX 3070,3,4,4,0,4,4,3,,
,Core i5 11400,RTX 3070,2,4,3,0,3,4,2,,
,Core i5 10400,RTX 3070,2,4,2,0,2,2,4,,
,Ryzen 9 5900X,RTX 3070,4,4,4,0,4,4,4,,
,Ryzen 9 5950X,RTX 3070,4,4,4,0,4,4,4,,
,Ryzen 7 5800X,RTX 3070,4,4,4,0,4,4,4,,
,Ryzen 7 3700X,RTX 3070,3,4,4,0,4,4,4,,
,Ryzen 5 5600X,RTX 3070,3,4,4,0,4,4,4,,
,Ryzen 5 3600,RTX 3070,2,4,3,0,4,4,3,,
,Ryzen 5 3500X,RTX 3070,1,4,2,0,3,3,2,,
,Ryzen 5 3500,RTX 3070,1,4,2,0,2,3,2,,
,Core i9 11900K,RTX 3060 Ti,3,4,3,0,4,4,4,,
,Core i9 11900,RTX 3060 Ti,4,4,3,0,4,4,4,,
,Core i9 10900K,RTX 3060 Ti,4,4,3,0,4,4,4,,
,Core i9 10900,RTX 3060 Ti,4,4,3,0,4,4,3,,
,Core i7 11700K,RTX 3060 Ti,4,4,3,0,4,4,3,,
,Core i7 11700,RTX 3060 Ti,3,4,3,0,4,4,3,,
,Core i7 10700K,RTX 3060 Ti,4,4,3,0,4,4,3,,
,Core i7 10700,RTX 3060 Ti,3,4,3,0,4,4,3,,
,Core i5 11400,RTX 3060 Ti,2,3,2,0,3,4,2,,
,Core i5 10400,RTX 3060 Ti,2,3,2,0,2,2,2,,
,Ryzen 9 5900X,RTX 3060 Ti,3,4,3,0,4,4,4,,
,Ryzen 9 5950X,RTX 3060 Ti,4,4,3,0,4,4,4,,
,Ryzen 7 5800X,RTX 3060 Ti,4,4,3,0,4,4,4,,
,Ryzen 7 3700X,RTX 3060 Ti,3,4,3,0,4,4,4,,
,Ryzen 5 5600X,RTX 3060 Ti,3,4,3,0,4,4,4,,
,Ryzen 5 3600,RTX 3060 Ti,2,3,2,0,4,4,3,,
,Ryzen 5 3500X,RTX 3060 Ti,2,3,2,0,3,3,2,,
,Ryzen 5 3500,RTX 3060 Ti,2,3,2,0,2,3,2,,
,Core i9 11900K,RX 6800,3,4,3,0,4,4,4,,
,Core i9 11900,RX 6800,4,4,3,0,4,4,4,,
,Core i9 10900K,RX 6800,4,4,3,0,4,4,4,,
,Core i9 10900,RX 6800,4,4,3,0,4,4,3,,
,Core i7 11700K,RX 6800,4,4,3,0,4,4,3,,
,Core i7 11700,RX 6800,3,4,3,0,4,4,3,,
,Core i7 10700K,RX 6800,4,4,3,0,4,4,3,,
,Core i7 10700,RX 6800,3,4,3,0,4,4,3,,
,Core i5 11400,RX 6800,2,3,2,0,3,4,2,,
,Core i5 10400,RX 6800,2,3,2,0,2,2,2,,
,Ryzen 9 5900X,RX 6800,3,4,3,0,4,4,4,,
,Ryzen 9 5950X,RX 6800,4,4,3,0,4,4,4,,
,Ryzen 7 5800X,RX 6800,4,4,3,0,4,4,4,,
,Ryzen 7 3700X,RX 6800,3,4,3,0,4,4,4,,
,Ryzen 5 5600X,RX 6800,3,4,3,0,4,4,4,,
,Ryzen 5 3600,RX 6800,2,3,2,0,4,4,3,,
,Ryzen 5 3500X,RX 6800,2,3,2,0,3,3,2,,
,Ryzen 5 3500,RX 6800,2,3,2,0,2,3,2,,
,Core i9 11900K,RTX 3060,3,4,3,0,4,4,4,,
,Core i9 11900,RTX 3060,3,4,3,0,4,4,4,,
,Core i9 10900K,RTX 3060,3,4,3,0,4,4,4,,
,Core i9 10900,RTX 3060,3,4,3,0,4,4,3,,
,Core i7 11700K,RTX 3060,4,4,3,0,4,4,3,,
,Core i7 11700,RTX 3060,4,4,3,0,4,4,3,,
,Core i7 10700K,RTX 3060,4,4,3,0,4,4,3,,
,Core i7 10700,RTX 3060,4,4,2,0,4,4,3,,
,Core i5 11400,RTX 3060,3,3,2,0,3,4,2,,
,Core i5 10400,RTX 3060,3,3,1,0,2,2,2,,
,Ryzen 9 5900X,RTX 3060,3,4,3,0,4,4,4,,
,Ryzen 9 5950X,RTX 3060,3,4,3,0,4,4,4,,
,Ryzen 7 5800X,RTX 3060,4,4,3,0,4,4,4,,
,Ryzen 7 3700X,RTX 3060,4,4,3,0,4,4,4,,
,Ryzen 5 5600X,RTX 3060,4,4,3,0,4,4,4,,
,Ryzen 5 3600,RTX 3060,3,3,2,0,4,4,3,,
,Ryzen 5 3500X,RTX 3060,3,3,1,0,3,3,2,,
,Ryzen 5 3500,RTX 3060,3,3,1,0,2,3,2,,
,Core i9 11900K,RX 5700 XT,3,4,3,0,4,4,4,,
,Core i9 11900,RX 5700 XT,3,4,3,0,4,4,4,,
,Core i9 10900K,RX 5700 XT,3,4,3,0,4,4,4,,
,Core i9 10900,RX 5700 XT,3,4,3,0,4,4,3,,
,Core i7 11700K,RX 5700 XT,4,4,3,0,4,4,3,,
,Core i7 11700,RX 5700 XT,4,4,3,0,4,4,3,,
,Core i7 10700K,RX 5700 XT,4,4,3,0,4,4,3,,
,Core i7 10700,RX 5700 XT,4,4,2,0,4,4,3,,
,Core i5 11400,RX 5700 XT,3,3,2,0,3,4,2,,
,Core i5 10400,RX 5700 XT,3,3,1,0,2,2,2,,
,Ryzen 9 5900X,RX 5700 XT,3,4,3,0,4,4,4,,
,Ryzen 9 5950X,RX 5700 XT,3,4,3,0,4,4,4,,
,Ryzen 7 5800X,RX 5700 XT,4,4,3,0,4,4,4,,
,Ryzen 7 3700X,RX 5700 XT,4,4,3,0,4,4,4,,
,Ryzen 5 5600X,RX 5700 XT,4,4,3,0,4,4,4,,
,Ryzen 5 3600,RX 5700 XT,3,3,2,0,4,4,3,,
,Ryzen 5 3500X,RX 5700 XT,3,3,1,0,3,3,2,,
,Ryzen 5 3500,RX 5700 XT,3,3,1,0,2,3,2,,
,Core i9 11900K,GTX 1660 Super,2,2,1,0,4,4,4,,
,Core i9 11900,GTX 1660 Super,2,2,1,0,4,4,4,,
,Core i9 10900K,GTX 1660 Super,2,2,1,0,4,4,4,,
,Core i9 10900,GTX 1660 Super,2,2,1,0,4,4,3,,
,Core i7 11700K,GTX 1660 Super,2,2,1,0,4,4,3,,
,Core i7 11700,GTX 1660 Super,3,2,1,0,4,4,3,,
,Core i7 10700K,GTX 1660 Super,3,2,1,0,4,4,3,,
,Core i7 10700,GTX 1660 Super,4,2,1,0,4,4,3,,
,Core i5 11400,GTX 1660 Super,4,2,1,0,3,4,2,,
,Core i5 10400,GTX 1660 Super,4,1,1,0,2,2,2,,
,Ryzen 9 5900X,GTX 1660 Super,2,2,1,0,4,4,4,,
,Ryzen 9 5950X,GTX 1660 Super,2,2,1,0,4,4,4,,
,Ryzen 7 5800X,GTX 1660 Super,3,2,1,0,4,4,4,,
,Ryzen 7 3700X,GTX 1660 Super,3,2,1,0,4,4,4,,
,Ryzen 5 5600X,GTX 1660 Super,3,2,1,0,4,4,4,,
,Ryzen 5 3600,GTX 1660 Super,4,2,1,0,4,4,3,,
,Ryzen 5 3500X,GTX 1660 Super,4,1,1,0,3,3,2,,
,Ryzen 5 3500,GTX 1660 Super,3,1,1,0,2,3,2,,
,Core i9 11900K,GTX 1650 Super,1,2,1,0,4,4,4,,
,Core i9 11900,GTX 1650 Super,1,2,1,0,4,4,4,,
,Core i9 10900K,GTX 1650 Super,1,2,1,0,4,4,4,,
,Core i9 10900,GTX 1650 Super,1,2,1,0,4,4,3,,
,Core i7 11700K,GTX 1650 Super,1,2,1,0,4,4,3,,
,Core i7 11700,GTX 1650 Super,2,2,1,0,4,4,3,,
,Core i7 10700K,GTX 1650 Super,2,2,1,0,4,4,3,,
,Core i7 10700,GTX 1650 Super,3,2,1,0,4,4,3,,
,Core i5 11400,GTX 1650 Super,4,1,1,0,3,4,2,,
,Core i5 10400,GTX 1650 Super,4,1,1,0,2,2,2,,
,Ryzen 9 5900X,GTX 1650 Super,1,2,1,0,4,4,4,,
,Ryzen 9 5950X,GTX 1650 Super,1,2,1,0,4,4,4,,
,Ryzen 7 5800X,GTX 1650 Super,2,2,1,0,4,4,4,,
,Ryzen 7 3700X,GTX 1650 Super,3,2,1,0,4,4,4,,
,Ryzen 5 5600X,GTX 1650 Super,3,2,1,0,4,4,4,,
,Ryzen 5 3600,GTX 1650 Super,4,1,1,0,4,4,3,,
,Ryzen 5 3500X,GTX 1650 Super,4,1,1,0,3,3,2,,
,Ryzen 5 3500,GTX 1650 Super,4,1,1,0,2,3,2,,
,Core i9 11900K,GTX 1650,1,1,1,0,4,4,4,,
,Core i9 11900,GTX 1650,1,1,1,0,4,4,4,,
,Core i9 10900K,GTX 1650,1,1,1,0,4,4,4,,
,Core i9 10900,GTX 1650,1,1,1,0,4,4,3,,
,Core i7 11700K,GTX 1650,1,1,1,0,4,4,3,,
,Core i7 11700,GTX 1650,2,1,1,0,4,4,3,,
,Core i7 10700K,GTX 1650,2,1,1,0,4,4,3,,
,Core i7 10700,GTX 1650,3,1,1,0,4,4,3,,
,Core i5 11400,GTX 1650,4,1,1,0,3,4,2,,
,Core i5 10400,GTX 1650,4,1,1,0,2,2,2,,
,Ryzen 9 5900X,GTX 1650,1,1,1,0,4,4,4,,
,Ryzen 9 5950X,GTX 1650,1,1,1,0,4,4,4,,
,Ryzen 7 5800X,GTX 1650,2,1,1,0,4,4,4,,
,Ryzen 7 3700X,GTX 1650,3,1,1,0,4,4,4,,
,Ryzen 5 5600X,GTX 1650,3,1,1,0,4,4,4,,
,Ryzen 5 3600,GTX 1650,4,1,1,0,4,4,3,,
,Ryzen 5 3500X,GTX 1650,4,1,1,0,3,3,2,,
,Ryzen 5 3500,GTX 1650,4,1,1,0,2,3,2,,
,Core i9 10900K,RTX 2080 Ti,4,-,4,1,4,-,-,,
,Core i9 10900K,RTX 2080 Super,4,-,4,2,4,-,-,,
,Core i9 10900K,RTX 2080,3,-,3,4,4,-,-,,
,Core i9 10900K,RTX 2070 Super,3,-,3,4,4,-,-,,
,Core i9 10900K,RTX 2070,2,-,2,5,4,-,-,,
,Core i9 10900K,RTX 2060 Super,2,-,2,5,4,-,-,,
,Core i9 10900K,RTX 2060,1,-,1,7,3,-,-,,
,Core i9 10900K,GTX 1660 Ti,1,-,1,8,3,-,-,,
,Core i9 10900K,GTX 1660 Super,1,-,1,8,3,-,-,,
,Core i9 10900K,GTX 1660,1,-,1,9,3,-,-,,
,Core i9 10900K,GTX 1650 Super,1,-,1,10,2,-,-,,
,Core i9 10900K,GTX 1650,1,-,1,10,2,-,-,,
,Core i7 10700K,RTX 2080 Ti,4,-,4,2,4,-,-,,
,Core i7 10700K,RTX 2080 Super,4,-,4,3,4,-,-,,
,Core i7 10700K,RTX 2080,4,-,3,4,4,-,-,,
,Core i7 10700K,RTX 2070 Super,4,-,3,4,4,-,-,,
,Core i7 10700K,RTX 2070,3,-,2,5,4,-,-,,
,Core i7 10700K,RTX 2060 Super,3,-,2,5,4,-,-,,
,Core i7 10700K,RTX 2060,2,-,1,7,3,-,-,,
,Core i7 10700K,GTX 1660 Ti,2,-,1,8,3,-,-,,
,Core i7 10700K,GTX 1660 Super,2,-,1,8,3,-,-,,
,Core i7 10700K,GTX 1660,1,-,1,9,3,-,-,,
,Core i7 10700K,GTX 1650 Super,1,-,1,10,2,-,-,,
,Core i7 10700K,GTX 1650,1,-,1,10,2,-,-,,
,Core i7 10700,RTX 2080 Ti,3,-,4,3,4,-,-,,
,Core i7 10700,RTX 2080 Super,3,-,4,4,4,-,-,,
,Core i7 10700,RTX 2080,4,-,3,5,4,-,-,,
,Core i7 10700,RTX 2070 Super,4,-,3,5,4,-,-,,
,Core i7 10700,RTX 2070,4,-,2,6,4,-,-,,
,Core i7 10700,RTX 2060 Super,4,-,2,6,4,-,-,,
,Core i7 10700,RTX 2060,3,-,1,7,3,-,-,,
,Core i7 10700,GTX 1660 Ti,3,-,1,8,3,-,-,,
,Core i7 10700,GTX 1660 Super,3,-,1,8,3,-,-,,
,Core i7 10700,GTX 1660,2,-,1,9,3,-,-,,
,Core i7 10700,GTX 1650 Super,2,-,1,10,2,-,-,,
,Core i7 10700,GTX 1650,1,-,1,10,2,-,-,,
,Core i5 10400,RTX 2080 Ti,1,-,2,5,3,-,-,,
,Core i5 10400,RTX 2080 Super,1,-,2,5,3,-,-,,
,Core i5 10400,RTX 2080,1,-,2,6,3,-,-,,
,Core i5 10400,RTX 2070 Super,2,-,1,6,3,-,-,,
,Core i5 10400,RTX 2070,2,-,1,7,3,-,-,,
,Core i5 10400,RTX 2060 Super,3,-,1,7,3,-,-,,
,Core i5 10400,RTX 2060,4,-,1,8,3,-,-,,
,Core i5 10400,GTX 1660 Ti,4,-,1,9,3,-,-,,
,Core i5 10400,GTX 1660 Super,4,-,1,9,3,-,-,,
,Core i5 10400,GTX 1660,4,-,1,10,2,-,-,,
,Core i5 10400,GTX 1650 Super,4,-,1,10,2,-,-,,
,Core i5 10400,GTX 1650,4,-,1,11,2,-,-,,
,Ryzen 9 3900X,RTX 2080 Ti,3,-,4,4,4,-,-,,
,Ryzen 9 3900X,RTX 2080 Super,4,-,4,5,4,-,-,,
,Ryzen 9 3900X,RTX 2080,4,-,3,6,4,-,-,,
,Ryzen 9 3900X,RTX 2070 Super,4,-,3,6,4,-,-,,
,Ryzen 9 3900X,RTX 2070,3,-,3,6,4,-,-,,
,Ryzen 9 3900X,RTX 2060 Super,2,-,2,7,4,-,-,,
,Ryzen 9 3900X,RTX 2060,2,-,2,7,4,-,-,,
,Ryzen 9 3900X,GTX 1660 Ti,2,-,1,8,4,-,-,,
,Ryzen 9 3900X,GTX 1660 Super,2,-,1,8,3,-,-,,
,Ryzen 9 3900X,GTX 1660,1,-,1,9,3,-,-,,
,Ryzen 9 3900X,GTX 1650 Super,1,-,1,10,3,-,-,,
,Ryzen 9 3900X,GTX 1650,1,-,1,10,2,-,-,,
,Ryzen 7 3700X,RTX 2080 Ti,2,-,4,4,4,-,-,,
,Ryzen 7 3700X,RTX 2080 Super,3,-,4,5,4,-,-,,
,Ryzen 7 3700X,RTX 2080,3,-,3,6,4,-,-,,
,Ryzen 7 3700X,RTX 2070 Super,4,-,3,6,4,-,-,,
,Ryzen 7 3700X,RTX 2070,4,-,2,6,4,-,-,,
,Ryzen 7 3700X,RTX 2060 Super,4,-,2,7,4,-,-,,
,Ryzen 7 3700X,RTX 2060,4,-,2,7,4,-,-,,
,Ryzen 7 3700X,GTX 1660 Ti,3,-,1,8,4,-,-,,
,Ryzen 7 3700X,GTX 1660 Super,3,-,1,8,3,-,-,,
,Ryzen 7 3700X,GTX 1660,3,-,1,9,3,-,-,,
,Ryzen 7 3700X,GTX 1650 Super,2,-,1,10,3,-,-,,
,Ryzen 7 3700X,GTX 1650,1,-,1,10,2,-,-,,
,Ryzen 5 3600,RTX 2080 Ti,1,-,2,6,4,-,-,,
,Ryzen 5 3600,RTX 2080 Super,1,-,2,6,4,-,-,,
,Ryzen 5 3600,RTX 2080,1,-,2,7,4,-,-,,
,Ryzen 5 3600,RTX 2070 Super,2,-,2,7,4,-,-,,
,Ryzen 5 3600,RTX 2070,2,-,1,8,3,-,-,,
,Ryzen 5 3600,RTX 2060 Super,2,-,1,8,3,-,-,,
,Ryzen 5 3600,RTX 2060,3,-,1,9,3,-,-,,
,Ryzen 5 3600,GTX 1660 Ti,4,-,1,9,3,-,-,,
,Ryzen 5 3600,GTX 1660 Super,4,-,1,9,3,-,-,,
,Ryzen 5 3600,GTX 1660,4,-,1,10,3,-,-,,
,Ryzen 5 3600,GTX 1650 Super,4,-,1,10,2,-,-,,
,Ryzen 5 3600,GTX 1650,3,-,1,12,2,-,-,,
,Ryzen 5 3500,RTX 2080 Ti,1,-,2,6,4,-,-,,
,Ryzen 5 3500,RTX 2080 Super,1,-,2,6,4,-,-,,
,Ryzen 5 3500,RTX 2080,1,-,2,7,4,-,-,,
,Ryzen 5 3500,RTX 2070 Super,1,-,1,7,4,-,-,,
,Ryzen 5 3500,RTX 2070,2,-,1,8,3,-,-,,
,Ryzen 5 3500,RTX 2060 Super,2,-,1,8,3,-,-,,
,Ryzen 5 3500,RTX 2060,3,-,1,9,3,-,-,,
,Ryzen 5 3500,GTX 1660 Ti,3,-,1,9,3,-,-,,
,Ryzen 5 3500,GTX 1660 Super,3,-,1,9,3,-,-,,
,Ryzen 5 3500,GTX 1660,4,-,1,10,2,-,-,,
,Ryzen 5 3500,GTX 1650 Super,4,-,1,11,2,-,-,,
,Ryzen 5 3500,GTX 1650,1,-,1,12,2,-,-,,
,Core i9 9900K,RTX 2080 Ti,4,-,4,2,4,-,-,,
,Core i9 9900K,RTX 2080 Super,4,-,4,4,4,-,-,,
,Core i9 9900K,RTX 2080,4,-,3,5,4,-,-,,
,Core i9 9900K,RTX 2070 Super,3,-,3,5,4,-,-,,
,Core i9 9900K,RTX 2070,3,-,2,6,4,-,-,,
,Core i9 9900K,RTX 2060 Super,2,-,2,6,4,-,-,,
,Core i9 9900K,RTX 2060,2,-,2,7,4,-,-,,
,Core i9 9900K,GTX 1660 Ti,1,-,1,8,4,-,-,,
,Core i9 9900K,GTX 1660 Super,1,-,1,8,4,-,-,,
,Core i9 9900K,GTX 1660,1,-,1,9,4,-,-,,
,Core i9 9900K,GTX 1650 Super,1,-,1,10,4,-,-,,
,Core i9 9900K,GTX 1650,1,-,1,10,4,-,-,,
,Core i7 9700K,RTX 2080 Ti,3,-,4,4,4,-,-,,
,Core i7 9700K,RTX 2080 Super,3,-,4,4,4,-,-,,
,Core i7 9700K,RTX 2080,3,-,3,5,4,-,-,,
,Core i7 9700K,RTX 2070 Super,3,-,3,5,3,-,-,,
,Core i7 9700K,RTX 2070,4,-,2,7,3,-,-,,
,Core i7 9700K,RTX 2060 Super,4,-,2,7,3,-,-,,
,Core i7 9700K,RTX 2060,4,-,1,8,3,-,-,,
,Core i7 9700K,GTX 1660 Ti,3,-,1,8,3,-,-,,
,Core i7 9700K,GTX 1660 Super,3,-,1,8,3,-,-,,
,Core i7 9700K,GTX 1660,2,-,1,9,3,-,-,,
,Core i7 9700K,GTX 1650 Super,2,-,1,10,3,-,-,,
,Core i7 9700K,GTX 1650,1,-,1,10,3,-,-,,
,Core i7 9700,RTX 2080 Ti,2,-,3,4,3,-,-,,
,Core i7 9700,RTX 2080 Super,2,-,3,5,3,-,-,,
,Core i7 9700,RTX 2080,3,-,2,5,3,-,-,,
,Core i7 9700,RTX 2070 Super,3,-,2,5,3,-,-,,
,Core i7 9700,RTX 2070,4,-,2,7,3,-,-,,
,Core i7 9700,RTX 2060 Super,4,-,1,7,3,-,-,,
,Core i7 9700,RTX 2060,4,-,1,8,3,-,-,,
,Core i7 9700,GTX 1660 Ti,4,-,1,8,3,-,-,,
,Core i7 9700,GTX 1660 Super,4,-,1,8,3,-,-,,
,Core i7 9700,GTX 1660,3,-,1,9,2,-,-,,
,Core i7 9700,GTX 1650 Super,3,-,1,10,2,-,-,,
,Core i7 9700,GTX 1650,3,-,1,10,2,-,-,,
,Core i5 9400,RTX 2080 Ti,1,-,2,6,2,-,-,,
,Core i5 9400,RTX 2080 Super,1,-,2,7,2,-,-,,
,Core i5 9400,RTX 2080,1,-,1,7,2,-,-,,
,Core i5 9400,RTX 2070 Super,1,-,1,7,2,-,-,,
,Core i5 9400,RTX 2070,1,-,1,8,2,-,-,,
,Core i5 9400,RTX 2060 Super,1,-,1,8,2,-,-,,
,Core i5 9400,RTX 2060,2,-,1,9,2,-,-,,
,Core i5 9400,GTX 1660 Ti,2,-,1,9,2,-,-,,
,Core i5 9400,GTX 1660 Super,3,-,1,9,2,-,-,,
,Core i5 9400,GTX 1660,3,-,1,10,2,-,-,,
,Core i5 9400,GTX 1650 Super,4,-,1,10,1,-,-,,
,Core i5 9400,GTX 1650,4,-,1,11,1,-,-,,
,Core i9 9900K,GTX 1080 Ti,3,-,3,4,3,-,-,,
,Core i9 9900K,GTX 1080 ,3,-,3,5,3,-,-,,
,Core i9 9900K,GTX 1070 Ti,2,-,2,5,3,-,-,,
,Core i9 9900K,GTX 1070,2,-,2,6,3,-,-,,
,Core i9 9900K,GTX 1060 6GB,1,-,1,7,3,-,-,,
,Core i9 9900K,GTX 1060 3GB,1,-,1,7,3,-,-,,
,Core i9 9900K,GTX 1050 Ti,1,-,1,8,2,-,-,,
,Core i9 9900K,GTX 1050,1,-,1,8,2,-,-,,
,Core i7 9700K,GTX 1080 Ti,3,-,3,4,3,-,-,,
,Core i7 9700K,GTX 1080 ,3,-,3,5,3,-,-,,
,Core i7 9700K,GTX 1070 Ti,2,-,2,5,3,-,-,,
,Core i7 9700K,GTX 1070,2,-,2,6,3,-,-,,
,Core i7 9700K,GTX 1060 6GB,1,-,1,7,3,-,-,,
,Core i7 9700K,GTX 1060 3GB,1,-,1,7,3,-,-,,
,Core i7 9700K,GTX 1050 Ti,1,-,1,8,2,-,-,,
,Core i7 9700K,GTX 1050,1,-,1,8,2,-,-,,
,Core i5 9600K,GTX 1080 Ti,2,-,2,5,3,-,-,,
,Core i5 9600K,GTX 1080 ,2,-,2,5,3,-,-,,
,Core i5 9600K,GTX 1070 Ti,2,-,2,5,3,-,-,,
,Core i5 9600K,GTX 1070,2,-,1,5,3,-,-,,
,Core i5 9600K,GTX 1060 6GB,3,-,1,6,3,-,-,,
,Core i5 9600K,GTX 1060 3GB,3,-,1,6,3,-,-,,
,Core i5 9600K,GTX 1050 Ti,3,-,1,7,2,-,-,,
,Core i5 9600K,GTX 1050,3,-,1,7,2,-,-,,
,Core i7 8700K,RTX 2080 Ti,2,-,3,4,3,-,-,,
,Core i7 8700K,RTX 2080,2,-,3,5,3,-,-,,
,Core i7 8700K,RTX 2070,3,-,3,5,3,-,-,,
,Core i7 8700K,RTX 2060,3,-,2,6,3,-,-,,
,Core i7 8700K,GTX 1080 Ti,2,-,3,5,3,-,-,,
,Core i7 8700K,GTX 1080 ,3,-,3,5,3,-,-,,
,Core i7 8700K,GTX 1070 Ti,3,-,2,5,3,-,-,,
,Core i7 8700K,GTX 1070,3,-,1,5,3,-,-,,
,Core i7 8700K,GTX 1060 6GB,2,-,1,5,3,-,-,,
,Core i7 8700K,GTX 1060 3GB,2,-,1,7,3,-,-,,
,Core i7 8700K,GTX 1050 Ti,2,-,1,7,2,-,-,,
,Core i7 8700K,GTX 1050,2,-,1,7,2,-,-,,
,Core i7 8700K,GTX 980 Ti,4,-,-,5,3,-,-,,
,Core i7 8700K,GTX 980,3,-,-,5,3,-,-,,
,Core i7 8700K,GTX 970,2,-,-,6,3,-,-,,
,Core i7 8700K,GTX 960,2,-,-,9,3,-,-,,
,Core i7 8700K,GTX 950,1,-,-,9,3,-,-,,
,Core i7 8700K,GTX 750 Ti,1,-,-,10,2,-,-,,
,Core i7 8700K,GTX 750,1,-,-,11,2,-,-,,
,Core i7 8700,RTX 2080 Ti,2,-,3,5,3,-,-,,
,Core i7 8700,RTX 2080,2,-,3,5,3,-,-,,
,Core i7 8700,RTX 2070,2,-,3,5,3,-,-,,
,Core i7 8700,RTX 2060,3,-,2,6,3,-,-,,
,Core i7 8700,GTX 1080 Ti,2,-,3,5,3,-,-,,
,Core i7 8700,GTX 1080 ,2,-,2,5,3,-,-,,
,Core i7 8700,GTX 1070 Ti,3,-,2,5,3,-,-,,
,Core i7 8700,GTX 1070,3,-,1,5,3,-,-,,
,Core i7 8700,GTX 1060 6GB,3,-,1,5,3,-,-,,
,Core i7 8700,GTX 1060 3GB,3,-,1,7,3,-,-,,
,Core i7 8700,GTX 1050 Ti,3,-,1,7,2,-,-,,
,Core i7 8700,GTX 1050,2,-,1,7,2,-,-,,
,Core i7 8700,GTX 980 Ti,3,-,-,6,3,-,-,,
,Core i7 8700,GTX 980,3,-,-,6,3,-,-,,
,Core i7 8700,GTX 970,2,-,-,8,3,-,-,,
,Core i7 8700,GTX 960,2,-,-,8,3,-,-,,
,Core i7 8700,GTX 950,1,-,-,10,3,-,-,,
,Core i7 8700,GTX 750 Ti,1,-,-,11,2,-,-,,
,Core i7 8700,GTX 750,1,-,-,12,2,-,-,,
,Core i5 8600K,RTX 2080 Ti,1,-,3,5,3,-,-,,
,Core i5 8600K,RTX 2080,1,-,3,6,3,-,-,,
,Core i5 8600K,RTX 2070,2,-,2,6,3,-,-,,
,Core i5 8600K,RTX 2060,3,-,2,6,3,-,-,,
,Core i5 8600K,GTX 1080 Ti,1,-,3,5,3,-,-,,
,Core i5 8600K,GTX 1080 ,1,-,2,6,3,-,-,,
,Core i5 8600K,GTX 1070 Ti,2,-,2,6,3,-,-,,
,Core i5 8600K,GTX 1070,3,-,1,6,3,-,-,,
,Core i5 8600K,GTX 1060 6GB,3,-,1,6,3,-,-,,
,Core i5 8600K,GTX 1060 3GB,3,-,1,6,3,-,-,,
,Core i5 8600K,GTX 1050 Ti,3,-,1,8,2,-,-,,
,Core i5 8600K,GTX 1050,2,-,1,8,2,-,-,,
,Core i5 8600,RTX 2080 Ti,1,-,3,5,3,-,-,,
,Core i5 8600,RTX 2080,1,-,3,6,3,-,-,,
,Core i5 8600,RTX 2070,1,-,2,6,3,-,-,,
,Core i5 8600,RTX 2060,3,-,2,6,3,-,-,,
,Core i5 8600,GTX 1080 Ti,1,-,3,6,3,-,-,,
,Core i5 8600,GTX 1080 ,1,-,2,6,3,-,-,,
,Core i5 8600,GTX 1070 Ti,2,-,2,6,3,-,-,,
,Core i5 8600,GTX 1070,3,-,1,6,3,-,-,,
,Core i5 8600,GTX 1060 6GB,3,-,1,6,3,-,-,,
,Core i5 8600,GTX 1060 3GB,3,-,1,6,3,-,-,,
,Core i5 8600,GTX 1050 Ti,3,-,1,8,2,-,-,,
,Core i5 8600,GTX 1050,2,-,1,8,1,-,-,,
,Core i5 8500,RTX 2080 Ti,1,-,2,6,3,-,-,,
,Core i5 8500,RTX 2080,1,-,2,6,3,-,-,,
,Core i5 8500,RTX 2070,1,-,2,7,3,-,-,,
,Core i5 8500,RTX 2060,3,-,2,7,3,-,-,,
,Core i5 8500,GTX 1080 Ti,1,-,2,6,3,-,-,,
,Core i5 8500,GTX 1080 ,1,-,2,6,3,-,-,,
,Core i5 8500,GTX 1070 Ti,2,-,2,6,3,-,-,,
,Core i5 8500,GTX 1070,3,-,1,7,3,-,-,,
,Core i5 8500,GTX 1060 6GB,3,-,1,7,2,-,-,,
,Core i5 8500,GTX 1060 3GB,3,-,1,7,2,-,-,,
,Core i5 8500,GTX 1050 Ti,3,-,1,8,2,-,-,,
,Core i5 8500,GTX 1050,3,-,1,8,1,-,-,,
,Core i5 8400,RTX 2080 Ti,1,-,2,6,3,-,-,,
,Core i5 8400,RTX 2080,1,-,2,6,3,-,-,,
,Core i5 8400,RTX 2070,1,-,2,7,3,-,-,,
,Core i5 8400,RTX 2060,3,-,2,7,3,-,-,,
,Core i5 8400,GTX 1080 Ti,1,-,2,6,3,-,-,,
,Core i5 8400,GTX 1080 ,1,-,2,6,3,-,-,,
,Core i5 8400,GTX 1070 Ti,2,-,2,6,3,-,-,,
,Core i5 8400,GTX 1070,3,-,1,7,3,-,-,,
,Core i5 8400,GTX 1060 6GB,3,-,1,7,2,-,-,,
,Core i5 8400,GTX 1060 3GB,3,-,1,7,2,-,-,,
,Core i5 8400,GTX 1050 Ti,3,-,1,8,2,-,-,,
,Core i5 8400,GTX 1050,3,-,1,8,1,-,-,,
,Core i5 8400,GTX 980 Ti,3,-,-,8,3,-,-,,
,Core i5 8400,GTX 980,4,-,-,8,3,-,-,,
,Core i5 8400,GTX 970,3,-,-,9,3,-,-,,
,Core i5 8400,GTX 960,3,-,-,9,2,-,-,,
,Core i5 8400,GTX 950,1,-,-,11,2,-,-,,
,Core i5 8400,GTX 750 Ti,1,-,-,12,2,-,-,,
,Core i5 8400,GTX 750,1,-,-,12,2,-,-,,
,Core i5 7400,GTX 750,3,-,-,15,1,-,-,,
,Core i5 7400,GTX 750 Ti,3,-,-,13,1,-,-,,
,Core i5 7400,GTX 950,3,-,-,12,1,-,-,,
,Core i5 7400,GTX 1050,3,-,-,11,2,-,-,,
,Core i5 7400,GTX 1050 Ti,,-,-,12,2,-,-,,
,Core i5 7400,GTX 960,3,-,-,11,2,-,-,,
,Core i5 7400,GTX 970,2,-,-,10,2,-,-,,
,Core i5 7400,GTX 1060 3GB,2,-,-,10,2,-,-,,
,Core i5 7400,GTX 1060 6GB,2,-,-,9,2,-,-,,
,Core i5 7400,GTX 980,1,-,-,9,3,-,-,,
,Core i5 7400,GTX 980 Ti,1,-,-,9,3,-,-,,
,Core i5 7400,GTX 1070,1,-,-,9,3,-,-,,
,Core i5 7400,GTX 1080 ,1,-,-,7,3,-,-,,
,Core i5 7400,GTX 1080 Ti,1,-,-,7,3,-,-,,
,Core i5 7500,GTX 750,3,-,-,14,1,-,-,,
,Core i5 7500,GTX 750 Ti,3,-,-,14,1,-,-,,
,Core i5 7500,GTX 950,3,-,-,12,2,-,-,,
,Core i5 7500,GTX 1050,3,-,-,11,2,-,-,,
,Core i5 7500,GTX 1050 Ti,3,-,-,11,2,-,-,,
,Core i5 7500,GTX 960,3,-,-,11,2,-,-,,
,Core i5 7500,GTX 970,2,-,-,10,2,-,-,,
,Core i5 7500,GTX 1060 3GB,2,-,-,10,2,-,-,,
,Core i5 7500,GTX 1060 6GB,2,-,-,10,2,-,-,,
,Core i5 7500,GTX 980,1,-,-,9,2,-,-,,
,Core i5 7500,GTX 980 Ti,1,-,-,9,3,-,-,,
,Core i5 7500,GTX 1070,1,-,-,9,3,-,-,,
,Core i5 7500,GTX 1080 ,1,-,-,7,3,-,-,,
,Core i5 7500,GTX 1080 Ti,1,-,-,7,3,-,-,,
,Core i5 7600K,GTX 750,1,-,-,13,1,-,-,,
,Core i5 7600K,GTX 750 Ti,2,-,-,12,1,-,-,,
,Core i5 7600K,GTX 950,3,-,-,11,2,-,-,,
,Core i5 7600K,GTX 1050,3,-,-,11,2,-,-,,
,Core i5 7600K,GTX 1050 Ti,3,-,-,11,2,-,-,,
,Core i5 7600K,GTX 960,3,-,-,11,3,-,-,,
,Core i5 7600K,GTX 970,3,-,-,10,3,-,-,,
,Core i5 7600K,GTX 1060 3GB,3,-,-,10,3,-,-,,
,Core i5 7600K,GTX 1060 6GB,3,-,-,9,3,-,-,,
,Core i5 7600K,GTX 980,3,-,-,9,3,-,-,,
,Core i5 7600K,GTX 980 Ti,2,-,-,8,3,-,-,,
,Core i5 7600K,GTX 1070,2,-,-,7,4,-,-,,
,Core i5 7600K,GTX 1080 ,2,-,-,7,4,-,-,,
,Core i5 7600K,GTX 1080 Ti,2,-,-,7,4,-,-,,
,Core i5 7600,GTX 750,3,-,-,13,1,-,-,,
,Core i5 7600,GTX 750 Ti,3,-,-,13,1,-,-,,
,Core i5 7600,GTX 950,3,-,-,12,2,-,-,,
,Core i5 7600,GTX 1050,3,-,-,12,2,-,-,,
,Core i5 7600,GTX 1050 Ti,3,-,-,11,2,-,-,,
,Core i5 7600,GTX 960,3,-,-,11,2,-,-,,
,Core i5 7600,GTX 970,3,-,-,10,2,-,-,,
,Core i5 7600,GTX 1060 3GB,3,-,-,10,3,-,-,,
,Core i5 7600,GTX 1060 6GB,3,-,-,10,3,-,-,,
,Core i5 7600,GTX 980,3,-,-,9,3,-,-,,
,Core i5 7600,GTX 980 Ti,2,-,-,9,3,-,-,,
,Core i5 7600,GTX 1070,2,-,-,8,3,-,-,,
,Core i5 7600,GTX 1080 ,2,-,-,7,4,-,-,,
,Core i5 7600,GTX 1080 Ti,2,-,-,7,4,-,-,,
,Core i7 7700,GTX 750,2,-,-,13,1,-,-,,
,Core i7 7700,GTX 750 Ti,2,-,-,12,1,-,-,,
,Core i7 7700,GTX 950,2,-,-,11,2,-,-,,
,Core i7 7700,GTX 1050,2,-,-,11,2,-,-,,
,Core i7 7700,GTX 1050 Ti,3,-,-,11,3,-,-,,
,Core i7 7700,GTX 960,3,-,-,11,3,-,-,,
,Core i7 7700,GTX 970,4,-,-,10,3,-,-,,
,Core i7 7700,GTX 1060 3GB,4,-,-,9,4,-,-,,
,Core i7 7700,GTX 1060 6GB,4,-,-,9,4,-,-,,
,Core i7 7700,GTX 980,3,-,-,9,4,-,-,,
,Core i7 7700,GTX 980 Ti,3,-,-,8,4,-,-,,
,Core i7 7700,GTX 1070,3,-,-,7,4,-,-,,
,Core i7 7700,GTX 1080 ,3,-,-,7,4,-,-,,
,Core i7 7700,GTX 1080 Ti,3,-,-,7,4,-,-,,
,Core i7 7700K,GTX 750,2,-,-,14,1,-,-,,
,Core i7 7700K,GTX 750 Ti,2,-,-,11,1,-,-,,
,Core i7 7700K,GTX 950,2,-,-,11,2,-,-,,
,Core i7 7700K,GTX 1050,2,-,-,11,2,-,-,,
,Core i7 7700K,GTX 1050 Ti,2,-,-,10,3,-,-,,
,Core i7 7700K,GTX 960,2,-,-,10,3,-,-,,
,Core i7 7700K,GTX 970,3,-,-,9,4,-,-,,
,Core i7 7700K,GTX 1060 3GB,3,-,-,8,4,-,-,,
,Core i7 7700K,GTX 1060 6GB,3,-,-,8,4,-,-,,
,Core i7 7700K,GTX 980,3,-,-,9,4,-,-,,
,Core i7 7700K,GTX 980 Ti,4,-,-,7,4,-,-,,
,Core i7 7700K,GTX 1070,4,-,-,7,4,-,-,,
,Core i7 7700K,GTX 1080 ,4,-,-,7,4,-,-,,
,Core i7 7700K,GTX 1080 Ti,3,-,-,7,4,-,-,,
,Core i5 6400,GTX 750,3,-,-,15,1,-,-,,
,Core i5 6400,GTX 750 Ti,3,-,-,13,1,-,-,,
,Core i5 6400,GTX 950,3,-,-,12,1,-,-,,
,Core i5 6400,GTX 1050,3,-,-,12,2,-,-,,
,Core i5 6400,GTX 1050 Ti,3,-,-,11,2,-,-,,
,Core i5 6400,GTX 960,3,-,-,12,2,-,-,,
,Core i5 6400,GTX 970,2,-,-,11,2,-,-,,
,Core i5 6400,GTX 1060 3GB,2,-,-,10,2,-,-,,
,Core i5 6400,GTX 1060 6GB,2,-,-,10,2,-,-,,
,Core i5 6400,GTX 980,1,-,-,10,2,-,-,,
,Core i5 6400,GTX 980 Ti,1,-,-,9,3,-,-,,
,Core i5 6400,GTX 1070,1,-,-,9,3,-,-,,
,Core i5 6400,GTX 1080 ,1,-,-,8,3,-,-,,
,Core i5 6500,GTX 750,2,-,-,14,1,-,-,,
,Core i5 6500,GTX 750 Ti,3,-,-,13,1,-,-,,
,Core i5 6500,GTX 950,3,-,-,12,2,-,-,,
,Core i5 6500,GTX 1050,3,-,-,12,2,-,-,,
,Core i5 6500,GTX 1050 Ti,3,-,-,11,2,-,-,,
,Core i5 6500,GTX 960,3,-,-,12,2,-,-,,
,Core i5 6500,GTX 970,2,-,-,11,2,-,-,,
,Core i5 6500,GTX 1060 3GB,2,-,-,10,2,-,-,,
,Core i5 6500,GTX 1060 6GB,2,-,-,10,2,-,-,,
,Core i5 6500,GTX 980,2,-,-,10,2,-,-,,
,Core i5 6500,GTX 980 Ti,2,-,-,9,3,-,-,,
,Core i5 6500,GTX 1070,2,-,-,9,3,-,-,,
,Core i5 6500,GTX 1080 ,1,-,-,8,3,-,-,,
,Core i5 6600,GTX 750,3,-,-,14,1,-,-,,
,Core i5 6600,GTX 750 Ti,3,-,-,13,1,-,-,,
,Core i5 6600,GTX 950,3,-,-,12,2,-,-,,
,Core i5 6600,GTX 1050,3,-,-,12,2,-,-,,
,Core i5 6600,GTX 1050 Ti,3,-,-,11,2,-,-,,
,Core i5 6600,GTX 960,3,-,-,11,2,-,-,,
,Core i5 6600,GTX 970,3,-,-,10,2,-,-,,
,Core i5 6600,GTX 1060 3GB,2,-,-,10,3,-,-,,
,Core i5 6600,GTX 1060 6GB,2,-,-,10,3,-,-,,
,Core i5 6600,GTX 980,2,-,-,9,3,-,-,,
,Core i5 6600,GTX 980 Ti,2,-,-,9,3,-,-,,
,Core i5 6600,GTX 1070,2,-,-,9,3,-,-,,
,Core i5 6600,GTX 1080 ,2,-,-,8,4,-,-,,
,Core i5 6600K,GTX 750,1,-,-,13,1,-,-,,
,Core i5 6600K,GTX 750 Ti,2,-,-,12,1,-,-,,
,Core i5 6600K,GTX 950,2,-,-,11,2,-,-,,
,Core i5 6600K,GTX 1050,2,-,-,11,2,-,-,,
,Core i5 6600K,GTX 1050 Ti,3,-,-,11,2,-,-,,
,Core i5 6600K,GTX 960,3,-,-,11,3,-,-,,
,Core i5 6600K,GTX 970,3,-,-,10,3,-,-,,
,Core i5 6600K,GTX 1060 3GB,3,-,-,10,3,-,-,,
,Core i5 6600K,GTX 1060 6GB,2,-,-,10,3,-,-,,
,Core i5 6600K,GTX 980,2,-,-,9,3,-,-,,
,Core i5 6600K,GTX 980 Ti,2,-,-,9,3,-,-,,
,Core i5 6600K,GTX 1070,2,-,-,9,3,-,-,,
,Core i5 6600K,GTX 1080 ,2,-,-,8,4,-,-,,
,Core I7 6700,GTX 750,2,-,-,13,1,-,-,,
,Core I7 6700,GTX 750 Ti,2,-,-,12,1,-,-,,
,Core I7 6700,GTX 950,2,-,-,11,2,-,-,,
,Core I7 6700,GTX 1050,2,-,-,11,2,-,-,,
,Core I7 6700,GTX 1050 Ti,2,-,-,11,3,-,-,,
,Core I7 6700,GTX 960,3,-,-,11,3,-,-,,
,Core I7 6700,GTX 970,3,-,-,10,3,-,-,,
,Core I7 6700,GTX 1060 3GB,3,-,-,9,4,-,-,,
,Core I7 6700,GTX 1060 6GB,3,-,-,9,4,-,-,,
,Core I7 6700,GTX 980,2,-,-,9,4,-,-,,
,Core I7 6700,GTX 980 Ti,2,-,-,8,4,-,-,,
,Core I7 6700,GTX 1070,2,-,-,8,4,-,-,,
,Core I7 6700,GTX 1080 ,2,-,-,7,4,-,-,,
,Core I7 6700K,GTX 750,2,-,-,14,1,-,-,,
,Core I7 6700K,GTX 750 Ti,2,-,-,13,1,-,-,,
,Core I7 6700K,GTX 950,2,-,-,12,2,-,-,,
,Core I7 6700K,GTX 1050,2,-,-,11,2,-,-,,
,Core I7 6700K,GTX 1050 Ti,2,-,-,10,3,-,-,,
,Core I7 6700K,GTX 960,2,-,-,10,3,-,-,,
,Core I7 6700K,GTX 970,3,-,-,9,4,-,-,,
,Core I7 6700K,GTX 1060 3GB,3,-,-,9,4,-,-,,
,Core I7 6700K,GTX 1060 6GB,3,-,-,8,4,-,-,,
,Core I7 6700K,GTX 980,3,-,-,8,4,-,-,,
,Core I7 6700K,GTX 980 Ti,3,-,-,8,4,-,-,,
,Core I7 6700K,GTX 1070,3,-,-,7,4,-,-,,
,Core I7 6700K,GTX 1080 ,3,-,-,7,4,-,-,,
